{
  "SASJSONExport" : "1.0 FMTCHARACTER",
  "SASTableData+ARGUMENTS" : [ {
    "name" : "Op1",
    "order" : 1,
    "argtype" : "INPUT",
    "type" : "N",
    "vartype" : "double",
    "format" : "",
    "length" : 8
  }, {
    "name" : "Op2",
    "order" : 2,
    "argtype" : "INPUT",
    "type" : "N",
    "vartype" : "double",
    "format" : "",
    "length" : 8
  }, {
    "name" : "EM_PREDICTION",
    "order" : 3,
    "argtype" : "INPUT_OUTPUT",
    "type" : "N",
    "vartype" : "double",
    "format" : "",
    "length" : 8
  }, {
    "name" : "P_Result",
    "order" : 4,
    "argtype" : "INPUT_OUTPUT",
    "type" : "N",
    "vartype" : "double",
    "format" : "",
    "length" : 8
  } ]
}