{
  "product" : "DMCAS",
  "project" : "1ffb78f9-711c-4289-87b8-5425cb44f92c",
  "target" : {
    "name" : "",
    "level" : "INTERVAL",
    "format" : "",
    "order" : "",
    "label" : "",
    "event" : "",
    "SASJSONExport" : "1.0 PRETTY",
    "SASTableData+DMCAS_TARGETLEVEL" : [ {
      "_TYPE_" : "",
      "resourceId" : "62853a26-8a20-4886-8801-f9c06d51b167",
      "id" : "1ffb78f9-711c-4289-87b8-5425cb44f92c",
      "_predictedvar_" : "P_Result",
      "_variable_" : "Result",
      "_rawchar_" : "",
      "_cfmt_" : "",
      "_label_" : "Predicted: Result",
      "_event_flag_" : "N",
      "revision" : 0
    } ]
  }
}