{
  "creationTimeStamp" : "0001-01-01T00:00:00Z",
  "modifiedTimeStamp" : "0001-01-01T00:00:00Z",
  "revision" : 0,
  "name" : "dmcas_fitstat",
  "version" : 0,
  "order" : 0,
  "parameterMap" : {
    "_ASE_" : {
      "label" : "Average Squared Error",
      "length" : 8,
      "order" : 6,
      "parameter" : "_ASE_",
      "preformatted" : false,
      "type" : "num",
      "values" : [ "_ASE_" ]
    },
    "_DIV_" : {
      "label" : "Divisor for ASE",
      "length" : 8,
      "order" : 7,
      "parameter" : "_DIV_",
      "preformatted" : false,
      "type" : "num",
      "values" : [ "_DIV_" ]
    },
    "_DataRole_" : {
      "label" : "Data Role",
      "length" : 10,
      "order" : 2,
      "parameter" : "_DataRole_",
      "preformatted" : false,
      "type" : "char",
      "values" : [ "_DataRole_" ]
    },
    "_MAE_" : {
      "label" : "Mean Absolute Error",
      "length" : 8,
      "order" : 9,
      "parameter" : "_MAE_",
      "preformatted" : false,
      "type" : "num",
      "values" : [ "_MAE_" ]
    },
    "_MSLE_" : {
      "label" : "Mean Squared Logarithmic Error",
      "length" : 8,
      "order" : 11,
      "parameter" : "_MSLE_",
      "preformatted" : false,
      "type" : "num",
      "values" : [ "_MSLE_" ]
    },
    "_NObs_" : {
      "label" : "Sum of Frequencies",
      "length" : 8,
      "order" : 5,
      "parameter" : "_NObs_",
      "preformatted" : false,
      "type" : "num",
      "values" : [ "_NObs_" ]
    },
    "_PartInd_" : {
      "label" : "Partition Indicator",
      "length" : 8,
      "order" : 3,
      "parameter" : "_PartInd_",
      "preformatted" : false,
      "type" : "num",
      "values" : [ "_PartInd_" ]
    },
    "_RASE_" : {
      "label" : "Root Average Squared Error",
      "length" : 8,
      "order" : 8,
      "parameter" : "_RASE_",
      "preformatted" : false,
      "type" : "num",
      "values" : [ "_RASE_" ]
    },
    "_RMAE_" : {
      "label" : "Root Mean Absolute Error",
      "length" : 8,
      "order" : 10,
      "parameter" : "_RMAE_",
      "preformatted" : false,
      "type" : "num",
      "values" : [ "_RMAE_" ]
    },
    "_RMSLE_" : {
      "label" : "Root Mean Squared Logarithmic Error",
      "length" : 8,
      "order" : 12,
      "parameter" : "_RMSLE_",
      "preformatted" : false,
      "type" : "num",
      "values" : [ "_RMSLE_" ]
    },
    "_TargetName_" : {
      "label" : "Target Name",
      "length" : 7,
      "order" : 1,
      "parameter" : "_TargetName_",
      "preformatted" : false,
      "type" : "char",
      "values" : [ "_TargetName_" ]
    },
    "_formattedPartition_" : {
      "label" : "Formatted Partition",
      "length" : 12,
      "order" : 4,
      "parameter" : "_formattedPartition_",
      "preformatted" : false,
      "type" : "char",
      "values" : [ "_formattedPartition_" ]
    }
  },
  "data" : [ {
    "dataMap" : {
      "_ASE_" : "8.21730109605E-33",
      "_DIV_" : "30",
      "_DataRole_" : "VALIDATE",
      "_MAE_" : "4.4408920985E-17",
      "_MSLE_" : "2.05432527401E-33",
      "_NObs_" : "30",
      "_PartInd_" : "0",
      "_RASE_" : "9.06493303674E-17",
      "_RMAE_" : "6.66400187463E-9",
      "_RMSLE_" : "4.53246651837E-17",
      "_TargetName_" : "Result",
      "_formattedPartition_" : "           0"
    },
    "rowNumber" : 1
  }, {
    "dataMap" : {
      "_ASE_" : "2.7117093617E-32",
      "_DIV_" : "10",
      "_DataRole_" : "TEST",
      "_MAE_" : "8.881784197E-17",
      "_MSLE_" : "4.93038065763E-33",
      "_NObs_" : "10",
      "_PartInd_" : "2",
      "_RASE_" : "1.64672686311E-16",
      "_RMAE_" : "9.42432183077E-9",
      "_RMSLE_" : "7.02166693715E-17",
      "_TargetName_" : "Result",
      "_formattedPartition_" : "           2"
    },
    "rowNumber" : 2
  }, {
    "dataMap" : {
      "_ASE_" : "1.27368166989E-32",
      "_DIV_" : "60",
      "_DataRole_" : "TRAIN",
      "_MAE_" : "6.29126380621E-17",
      "_MSLE_" : "4.93038065763E-33",
      "_NObs_" : "60",
      "_PartInd_" : "1",
      "_RASE_" : "1.1285750617E-16",
      "_RMAE_" : "7.93174873922E-9",
      "_RMSLE_" : "7.02166693715E-17",
      "_TargetName_" : "Result",
      "_formattedPartition_" : "           1"
    },
    "rowNumber" : 3
  } ],
  "xInteger" : false,
  "yInteger" : false
}