{
  "creationTimeStamp" : "0001-01-01T00:00:00Z",
  "modifiedTimeStamp" : "0001-01-01T00:00:00Z",
  "revision" : 0,
  "name" : "dmcas_lift",
  "version" : 0,
  "order" : 0,
  "parameterMap" : {
    "_Column_" : {
      "label" : "Analysis Variable",
      "length" : 8,
      "order" : 5,
      "parameter" : "_Column_",
      "preformatted" : false,
      "type" : "char",
      "values" : [ "_Column_" ]
    },
    "_DataRole_" : {
      "label" : "Data Role",
      "length" : 10,
      "order" : 2,
      "parameter" : "_DataRole_",
      "preformatted" : false,
      "type" : "char",
      "values" : [ "_DataRole_" ]
    },
    "_Depth_" : {
      "label" : "Depth",
      "length" : 8,
      "order" : 6,
      "parameter" : "_Depth_",
      "preformatted" : false,
      "type" : "num",
      "values" : [ "_Depth_" ]
    },
    "_MaxP_" : {
      "label" : "Predicted Maximum",
      "length" : 8,
      "order" : 11,
      "parameter" : "_MaxP_",
      "preformatted" : false,
      "type" : "num",
      "values" : [ "_MaxP_" ]
    },
    "_MaxT_" : {
      "label" : "Target Maximum",
      "length" : 8,
      "order" : 14,
      "parameter" : "_MaxT_",
      "preformatted" : false,
      "type" : "num",
      "values" : [ "_MaxT_" ]
    },
    "_MeanP_" : {
      "label" : "Predicted Mean",
      "length" : 8,
      "order" : 9,
      "parameter" : "_MeanP_",
      "preformatted" : false,
      "type" : "num",
      "values" : [ "_MeanP_" ]
    },
    "_MeanT_" : {
      "label" : "Target Mean",
      "length" : 8,
      "order" : 12,
      "parameter" : "_MeanT_",
      "preformatted" : false,
      "type" : "num",
      "values" : [ "_MeanT_" ]
    },
    "_MinP_" : {
      "label" : "Predicted Minimum",
      "length" : 8,
      "order" : 10,
      "parameter" : "_MinP_",
      "preformatted" : false,
      "type" : "num",
      "values" : [ "_MinP_" ]
    },
    "_MinT_" : {
      "label" : "Target Minimum",
      "length" : 8,
      "order" : 13,
      "parameter" : "_MinT_",
      "preformatted" : false,
      "type" : "num",
      "values" : [ "_MinT_" ]
    },
    "_NObs_" : {
      "label" : "Sum of Frequencies",
      "length" : 8,
      "order" : 8,
      "parameter" : "_NObs_",
      "preformatted" : false,
      "type" : "num",
      "values" : [ "_NObs_" ]
    },
    "_PartInd_" : {
      "label" : "Partition Indicator",
      "length" : 8,
      "order" : 3,
      "parameter" : "_PartInd_",
      "preformatted" : false,
      "type" : "num",
      "values" : [ "_PartInd_" ]
    },
    "_TargetName_" : {
      "label" : "Target Name",
      "length" : 7,
      "order" : 1,
      "parameter" : "_TargetName_",
      "preformatted" : false,
      "type" : "char",
      "values" : [ "_TargetName_" ]
    },
    "_Value_" : {
      "label" : "Value",
      "length" : 8,
      "order" : 7,
      "parameter" : "_Value_",
      "preformatted" : false,
      "type" : "num",
      "values" : [ "_Value_" ]
    },
    "_formattedPartition_" : {
      "label" : "Formatted Partition",
      "length" : 12,
      "order" : 4,
      "parameter" : "_formattedPartition_",
      "preformatted" : false,
      "type" : "char",
      "values" : [ "_formattedPartition_" ]
    }
  },
  "data" : [ {
    "dataMap" : {
      "_Column_" : "P_Result",
      "_DataRole_" : "VALIDATE",
      "_Depth_" : "0",
      "_NObs_" : "0",
      "_PartInd_" : "0",
      "_TargetName_" : "Result",
      "_Value_" : "0",
      "_formattedPartition_" : "           0"
    },
    "rowNumber" : 1
  }, {
    "dataMap" : {
      "_Column_" : "P_Result",
      "_DataRole_" : "VALIDATE",
      "_Depth_" : "5",
      "_MaxP_" : "1.80014250573",
      "_MaxT_" : "1.80014250573",
      "_MeanP_" : "1.76423537807",
      "_MeanT_" : "1.76423537807",
      "_MinP_" : "1.72832825041",
      "_MinT_" : "1.72832825041",
      "_NObs_" : "2",
      "_PartInd_" : "0",
      "_TargetName_" : "Result",
      "_Value_" : "1.69582856969",
      "_formattedPartition_" : "           0"
    },
    "rowNumber" : 2
  }, {
    "dataMap" : {
      "_Column_" : "P_Result",
      "_DataRole_" : "VALIDATE",
      "_Depth_" : "10",
      "_MaxP_" : "1.69582856969",
      "_MaxT_" : "1.69582856969",
      "_MeanP_" : "1.68573709781",
      "_MeanT_" : "1.68573709781",
      "_MinP_" : "1.67564562593",
      "_MinT_" : "1.67564562593",
      "_NObs_" : "2",
      "_PartInd_" : "0",
      "_TargetName_" : "Result",
      "_Value_" : "1.67564562593",
      "_formattedPartition_" : "           0"
    },
    "rowNumber" : 3
  }, {
    "dataMap" : {
      "_Column_" : "P_Result",
      "_DataRole_" : "VALIDATE",
      "_Depth_" : "15",
      "_MaxP_" : "1.56066572478",
      "_MaxT_" : "1.56066572478",
      "_MeanP_" : "1.55924435162",
      "_MeanT_" : "1.55924435162",
      "_MinP_" : "1.55782297847",
      "_MinT_" : "1.55782297847",
      "_NObs_" : "2",
      "_PartInd_" : "0",
      "_TargetName_" : "Result",
      "_Value_" : "1.55782297847",
      "_formattedPartition_" : "           0"
    },
    "rowNumber" : 4
  }, {
    "dataMap" : {
      "_Column_" : "P_Result",
      "_DataRole_" : "VALIDATE",
      "_Depth_" : "20",
      "_MaxP_" : "1.55143230064",
      "_MaxT_" : "1.55143230064",
      "_MeanP_" : "1.55143230064",
      "_MeanT_" : "1.55143230064",
      "_MinP_" : "1.55143230064",
      "_MinT_" : "1.55143230064",
      "_NObs_" : "1",
      "_PartInd_" : "0",
      "_TargetName_" : "Result",
      "_Value_" : "1.55143230064",
      "_formattedPartition_" : "           0"
    },
    "rowNumber" : 5
  }, {
    "dataMap" : {
      "_Column_" : "P_Result",
      "_DataRole_" : "VALIDATE",
      "_Depth_" : "25",
      "_MaxP_" : "1.5004741427",
      "_MaxT_" : "1.5004741427",
      "_MeanP_" : "1.49531848809",
      "_MeanT_" : "1.49531848809",
      "_MinP_" : "1.49016283348",
      "_MinT_" : "1.49016283348",
      "_NObs_" : "2",
      "_PartInd_" : "0",
      "_TargetName_" : "Result",
      "_Value_" : "1.49016283348",
      "_formattedPartition_" : "           0"
    },
    "rowNumber" : 6
  }, {
    "dataMap" : {
      "_Column_" : "P_Result",
      "_DataRole_" : "VALIDATE",
      "_Depth_" : "30",
      "_MaxP_" : "1.47423379813",
      "_MaxT_" : "1.47423379813",
      "_MeanP_" : "1.47423379813",
      "_MeanT_" : "1.47423379813",
      "_MinP_" : "1.47423379813",
      "_MinT_" : "1.47423379813",
      "_NObs_" : "1",
      "_PartInd_" : "0",
      "_TargetName_" : "Result",
      "_Value_" : "1.47423379813",
      "_formattedPartition_" : "           0"
    },
    "rowNumber" : 7
  }, {
    "dataMap" : {
      "_Column_" : "P_Result",
      "_DataRole_" : "VALIDATE",
      "_Depth_" : "35",
      "_MaxP_" : "1.45217555245",
      "_MaxT_" : "1.45217555245",
      "_MeanP_" : "1.42733493929",
      "_MeanT_" : "1.42733493929",
      "_MinP_" : "1.40249432612",
      "_MinT_" : "1.40249432612",
      "_NObs_" : "2",
      "_PartInd_" : "0",
      "_TargetName_" : "Result",
      "_Value_" : "1.40249432612",
      "_formattedPartition_" : "           0"
    },
    "rowNumber" : 8
  }, {
    "dataMap" : {
      "_Column_" : "P_Result",
      "_DataRole_" : "VALIDATE",
      "_Depth_" : "40",
      "_MaxP_" : "1.22035276825",
      "_MaxT_" : "1.22035276825",
      "_MeanP_" : "1.22035276825",
      "_MeanT_" : "1.22035276825",
      "_MinP_" : "1.22035276825",
      "_MinT_" : "1.22035276825",
      "_NObs_" : "1",
      "_PartInd_" : "0",
      "_TargetName_" : "Result",
      "_Value_" : "1.22035276825",
      "_formattedPartition_" : "           0"
    },
    "rowNumber" : 9
  }, {
    "dataMap" : {
      "_Column_" : "P_Result",
      "_DataRole_" : "VALIDATE",
      "_Depth_" : "45",
      "_MaxP_" : "1.02071344374",
      "_MaxT_" : "1.02071344374",
      "_MeanP_" : "1.01035672187",
      "_MeanT_" : "1.01035672187",
      "_MinP_" : "1",
      "_MinT_" : "1",
      "_NObs_" : "2",
      "_PartInd_" : "0",
      "_TargetName_" : "Result",
      "_Value_" : "1",
      "_formattedPartition_" : "           0"
    },
    "rowNumber" : 10
  }, {
    "dataMap" : {
      "_Column_" : "P_Result",
      "_DataRole_" : "VALIDATE",
      "_Depth_" : "50",
      "_MaxP_" : "0.960032461902",
      "_MaxT_" : "0.960032461902",
      "_MeanP_" : "0.960032461902",
      "_MeanT_" : "0.960032461902",
      "_MinP_" : "0.960032461902",
      "_MinT_" : "0.960032461902",
      "_NObs_" : "1",
      "_PartInd_" : "0",
      "_TargetName_" : "Result",
      "_Value_" : "0.960032461902",
      "_formattedPartition_" : "           0"
    },
    "rowNumber" : 11
  }, {
    "dataMap" : {
      "_Column_" : "P_Result",
      "_DataRole_" : "VALIDATE",
      "_Depth_" : "55",
      "_MaxP_" : "0.920697337764",
      "_MaxT_" : "0.920697337764",
      "_MeanP_" : "0.904306528",
      "_MeanT_" : "0.904306528",
      "_MinP_" : "0.887915718236",
      "_MinT_" : "0.887915718236",
      "_NObs_" : "2",
      "_PartInd_" : "0",
      "_TargetName_" : "Result",
      "_Value_" : "0.887915718236",
      "_formattedPartition_" : "           0"
    },
    "rowNumber" : 12
  }, {
    "dataMap" : {
      "_Column_" : "P_Result",
      "_DataRole_" : "VALIDATE",
      "_Depth_" : "60",
      "_MaxP_" : "0.804635810243",
      "_MaxT_" : "0.804635810243",
      "_MeanP_" : "0.804635810243",
      "_MeanT_" : "0.804635810243",
      "_MinP_" : "0.804635810243",
      "_MinT_" : "0.804635810243",
      "_NObs_" : "1",
      "_PartInd_" : "0",
      "_TargetName_" : "Result",
      "_Value_" : "0.804635810243",
      "_formattedPartition_" : "           0"
    },
    "rowNumber" : 13
  }, {
    "dataMap" : {
      "_Column_" : "P_Result",
      "_DataRole_" : "VALIDATE",
      "_Depth_" : "65",
      "_MaxP_" : "0.775799883105",
      "_MaxT_" : "0.775799883105",
      "_MeanP_" : "0.774591978274",
      "_MeanT_" : "0.774591978274",
      "_MinP_" : "0.773384073442",
      "_MinT_" : "0.773384073442",
      "_NObs_" : "2",
      "_PartInd_" : "0",
      "_TargetName_" : "Result",
      "_Value_" : "0.773384073442",
      "_formattedPartition_" : "           0"
    },
    "rowNumber" : 14
  }, {
    "dataMap" : {
      "_Column_" : "P_Result",
      "_DataRole_" : "VALIDATE",
      "_Depth_" : "70",
      "_MaxP_" : "0.74023143994",
      "_MaxT_" : "0.74023143994",
      "_MeanP_" : "0.74023143994",
      "_MeanT_" : "0.74023143994",
      "_MinP_" : "0.74023143994",
      "_MinT_" : "0.74023143994",
      "_NObs_" : "1",
      "_PartInd_" : "0",
      "_TargetName_" : "Result",
      "_Value_" : "0.74023143994",
      "_formattedPartition_" : "           0"
    },
    "rowNumber" : 15
  }, {
    "dataMap" : {
      "_Column_" : "P_Result",
      "_DataRole_" : "VALIDATE",
      "_Depth_" : "75",
      "_MaxP_" : "0.734730097763",
      "_MaxT_" : "0.734730097763",
      "_MeanP_" : "0.714997859379",
      "_MeanT_" : "0.714997859379",
      "_MinP_" : "0.695265620994",
      "_MinT_" : "0.695265620994",
      "_NObs_" : "2",
      "_PartInd_" : "0",
      "_TargetName_" : "Result",
      "_Value_" : "0.695265620994",
      "_formattedPartition_" : "           0"
    },
    "rowNumber" : 16
  }, {
    "dataMap" : {
      "_Column_" : "P_Result",
      "_DataRole_" : "VALIDATE",
      "_Depth_" : "80",
      "_MaxP_" : "0.657865648033",
      "_MaxT_" : "0.657865648033",
      "_MeanP_" : "0.657865648033",
      "_MeanT_" : "0.657865648033",
      "_MinP_" : "0.657865648033",
      "_MinT_" : "0.657865648033",
      "_NObs_" : "1",
      "_PartInd_" : "0",
      "_TargetName_" : "Result",
      "_Value_" : "0.657865648033",
      "_formattedPartition_" : "           0"
    },
    "rowNumber" : 17
  }, {
    "dataMap" : {
      "_Column_" : "P_Result",
      "_DataRole_" : "VALIDATE",
      "_Depth_" : "85",
      "_MaxP_" : "0.632054298605",
      "_MaxT_" : "0.632054298605",
      "_MeanP_" : "0.486392458525",
      "_MeanT_" : "0.486392458525",
      "_MinP_" : "0.340730618445",
      "_MinT_" : "0.340730618445",
      "_NObs_" : "2",
      "_PartInd_" : "0",
      "_TargetName_" : "Result",
      "_Value_" : "0.340730618445",
      "_formattedPartition_" : "           0"
    },
    "rowNumber" : 18
  }, {
    "dataMap" : {
      "_Column_" : "P_Result",
      "_DataRole_" : "VALIDATE",
      "_Depth_" : "90",
      "_MaxP_" : "0.283808689598",
      "_MaxT_" : "0.283808689598",
      "_MeanP_" : "0.283808689598",
      "_MeanT_" : "0.283808689598",
      "_MinP_" : "0.283808689598",
      "_MinT_" : "0.283808689598",
      "_NObs_" : "1",
      "_PartInd_" : "0",
      "_TargetName_" : "Result",
      "_Value_" : "0.283808689598",
      "_formattedPartition_" : "           0"
    },
    "rowNumber" : 19
  }, {
    "dataMap" : {
      "_Column_" : "P_Result",
      "_DataRole_" : "VALIDATE",
      "_Depth_" : "95",
      "_MaxP_" : "0",
      "_MaxT_" : "0",
      "_MeanP_" : "0",
      "_MeanT_" : "0",
      "_MinP_" : "0",
      "_MinT_" : "0",
      "_NObs_" : "2",
      "_PartInd_" : "0",
      "_TargetName_" : "Result",
      "_Value_" : "0",
      "_formattedPartition_" : "           0"
    },
    "rowNumber" : 20
  }, {
    "dataMap" : {
      "_Column_" : "P_Result",
      "_DataRole_" : "VALIDATE",
      "_Depth_" : "100",
      "_NObs_" : "0",
      "_PartInd_" : "0",
      "_TargetName_" : "Result",
      "_Value_" : "0",
      "_formattedPartition_" : "           0"
    },
    "rowNumber" : 21
  }, {
    "dataMap" : {
      "_Column_" : "P_Result",
      "_DataRole_" : "TEST",
      "_Depth_" : "0",
      "_NObs_" : "0",
      "_PartInd_" : "2",
      "_TargetName_" : "Result",
      "_Value_" : "0",
      "_formattedPartition_" : "           2"
    },
    "rowNumber" : 22
  }, {
    "dataMap" : {
      "_Column_" : "P_Result",
      "_DataRole_" : "TEST",
      "_Depth_" : "10",
      "_MaxP_" : "1.77613920519",
      "_MaxT_" : "1.77613920519",
      "_MeanP_" : "1.77613920519",
      "_MeanT_" : "1.77613920519",
      "_MinP_" : "1.77613920519",
      "_MinT_" : "1.77613920519",
      "_NObs_" : "1",
      "_PartInd_" : "2",
      "_TargetName_" : "Result",
      "_Value_" : "1.77613920519",
      "_formattedPartition_" : "           2"
    },
    "rowNumber" : 23
  }, {
    "dataMap" : {
      "_Column_" : "P_Result",
      "_DataRole_" : "TEST",
      "_Depth_" : "20",
      "_MaxP_" : "1.57855751119",
      "_MaxT_" : "1.57855751119",
      "_MeanP_" : "1.57855751119",
      "_MeanT_" : "1.57855751119",
      "_MinP_" : "1.57855751119",
      "_MinT_" : "1.57855751119",
      "_NObs_" : "1",
      "_PartInd_" : "2",
      "_TargetName_" : "Result",
      "_Value_" : "1.57855751119",
      "_formattedPartition_" : "           2"
    },
    "rowNumber" : 24
  }, {
    "dataMap" : {
      "_Column_" : "P_Result",
      "_DataRole_" : "TEST",
      "_Depth_" : "30",
      "_MaxP_" : "1.47983853201",
      "_MaxT_" : "1.47983853201",
      "_MeanP_" : "1.47983853201",
      "_MeanT_" : "1.47983853201",
      "_MinP_" : "1.47983853201",
      "_MinT_" : "1.47983853201",
      "_NObs_" : "1",
      "_PartInd_" : "2",
      "_TargetName_" : "Result",
      "_Value_" : "1.47983853201",
      "_formattedPartition_" : "           2"
    },
    "rowNumber" : 25
  }, {
    "dataMap" : {
      "_Column_" : "P_Result",
      "_DataRole_" : "TEST",
      "_Depth_" : "40",
      "_MaxP_" : "1.12213799769",
      "_MaxT_" : "1.12213799769",
      "_MeanP_" : "1.12213799769",
      "_MeanT_" : "1.12213799769",
      "_MinP_" : "1.12213799769",
      "_MinT_" : "1.12213799769",
      "_NObs_" : "1",
      "_PartInd_" : "2",
      "_TargetName_" : "Result",
      "_Value_" : "1.12213799769",
      "_formattedPartition_" : "           2"
    },
    "rowNumber" : 26
  }, {
    "dataMap" : {
      "_Column_" : "P_Result",
      "_DataRole_" : "TEST",
      "_Depth_" : "50",
      "_MaxP_" : "0.930745002574",
      "_MaxT_" : "0.930745002574",
      "_MeanP_" : "0.930745002574",
      "_MeanT_" : "0.930745002574",
      "_MinP_" : "0.930745002574",
      "_MinT_" : "0.930745002574",
      "_NObs_" : "1",
      "_PartInd_" : "2",
      "_TargetName_" : "Result",
      "_Value_" : "0.930745002574",
      "_formattedPartition_" : "           2"
    },
    "rowNumber" : 27
  }, {
    "dataMap" : {
      "_Column_" : "P_Result",
      "_DataRole_" : "TEST",
      "_Depth_" : "60",
      "_MaxP_" : "0.760363624278",
      "_MaxT_" : "0.760363624278",
      "_MeanP_" : "0.760363624278",
      "_MeanT_" : "0.760363624278",
      "_MinP_" : "0.760363624278",
      "_MinT_" : "0.760363624278",
      "_NObs_" : "1",
      "_PartInd_" : "2",
      "_TargetName_" : "Result",
      "_Value_" : "0.760363624278",
      "_formattedPartition_" : "           2"
    },
    "rowNumber" : 28
  }, {
    "dataMap" : {
      "_Column_" : "P_Result",
      "_DataRole_" : "TEST",
      "_Depth_" : "70",
      "_MaxP_" : "0.722821393528",
      "_MaxT_" : "0.722821393528",
      "_MeanP_" : "0.722821393528",
      "_MeanT_" : "0.722821393528",
      "_MinP_" : "0.722821393528",
      "_MinT_" : "0.722821393528",
      "_NObs_" : "1",
      "_PartInd_" : "2",
      "_TargetName_" : "Result",
      "_Value_" : "0.722821393528",
      "_formattedPartition_" : "           2"
    },
    "rowNumber" : 29
  }, {
    "dataMap" : {
      "_Column_" : "P_Result",
      "_DataRole_" : "TEST",
      "_Depth_" : "80",
      "_MaxP_" : "0.65750825919",
      "_MaxT_" : "0.65750825919",
      "_MeanP_" : "0.65750825919",
      "_MeanT_" : "0.65750825919",
      "_MinP_" : "0.65750825919",
      "_MinT_" : "0.65750825919",
      "_NObs_" : "1",
      "_PartInd_" : "2",
      "_TargetName_" : "Result",
      "_Value_" : "0.65750825919",
      "_formattedPartition_" : "           2"
    },
    "rowNumber" : 30
  }, {
    "dataMap" : {
      "_Column_" : "P_Result",
      "_DataRole_" : "TEST",
      "_Depth_" : "90",
      "_MaxP_" : "0.493151188779",
      "_MaxT_" : "0.493151188779",
      "_MeanP_" : "0.493151188779",
      "_MeanT_" : "0.493151188779",
      "_MinP_" : "0.493151188779",
      "_MinT_" : "0.493151188779",
      "_NObs_" : "1",
      "_PartInd_" : "2",
      "_TargetName_" : "Result",
      "_Value_" : "0.493151188779",
      "_formattedPartition_" : "           2"
    },
    "rowNumber" : 31
  }, {
    "dataMap" : {
      "_Column_" : "P_Result",
      "_DataRole_" : "TEST",
      "_Depth_" : "100",
      "_MaxP_" : "0.388769395779",
      "_MaxT_" : "0.388769395779",
      "_MeanP_" : "0.388769395779",
      "_MeanT_" : "0.388769395779",
      "_MinP_" : "0.388769395779",
      "_MinT_" : "0.388769395779",
      "_NObs_" : "1",
      "_PartInd_" : "2",
      "_TargetName_" : "Result",
      "_Value_" : "0.388769395779",
      "_formattedPartition_" : "           2"
    },
    "rowNumber" : 32
  }, {
    "dataMap" : {
      "_Column_" : "P_Result",
      "_DataRole_" : "TRAIN",
      "_Depth_" : "0",
      "_NObs_" : "0",
      "_PartInd_" : "1",
      "_TargetName_" : "Result",
      "_Value_" : "0",
      "_formattedPartition_" : "           1"
    },
    "rowNumber" : 33
  }, {
    "dataMap" : {
      "_Column_" : "P_Result",
      "_DataRole_" : "TRAIN",
      "_Depth_" : "5",
      "_MaxP_" : "1.93262770416",
      "_MaxT_" : "1.93262770416",
      "_MeanP_" : "1.89235784616",
      "_MeanT_" : "1.89235784616",
      "_MinP_" : "1.81905984058",
      "_MinT_" : "1.81905984058",
      "_NObs_" : "3",
      "_PartInd_" : "1",
      "_TargetName_" : "Result",
      "_Value_" : "1.79809991665",
      "_formattedPartition_" : "           1"
    },
    "rowNumber" : 34
  }, {
    "dataMap" : {
      "_Column_" : "P_Result",
      "_DataRole_" : "TRAIN",
      "_Depth_" : "10",
      "_MaxP_" : "1.79809991665",
      "_MaxT_" : "1.79809991665",
      "_MeanP_" : "1.74648764574",
      "_MeanT_" : "1.74648764574",
      "_MinP_" : "1.69360203244",
      "_MinT_" : "1.69360203244",
      "_NObs_" : "3",
      "_PartInd_" : "1",
      "_TargetName_" : "Result",
      "_Value_" : "1.67294433865",
      "_formattedPartition_" : "           1"
    },
    "rowNumber" : 35
  }, {
    "dataMap" : {
      "_Column_" : "P_Result",
      "_DataRole_" : "TRAIN",
      "_Depth_" : "15",
      "_MaxP_" : "1.67294433865",
      "_MaxT_" : "1.67294433865",
      "_MeanP_" : "1.61416929985",
      "_MeanT_" : "1.61416929985",
      "_MinP_" : "1.57880717386",
      "_MinT_" : "1.57880717386",
      "_NObs_" : "3",
      "_PartInd_" : "1",
      "_TargetName_" : "Result",
      "_Value_" : "1.53503642332",
      "_formattedPartition_" : "           1"
    },
    "rowNumber" : 36
  }, {
    "dataMap" : {
      "_Column_" : "P_Result",
      "_DataRole_" : "TRAIN",
      "_Depth_" : "20",
      "_MaxP_" : "1.53503642332",
      "_MaxT_" : "1.53503642332",
      "_MeanP_" : "1.48778750398",
      "_MeanT_" : "1.48778750398",
      "_MinP_" : "1.45969102748",
      "_MinT_" : "1.45969102748",
      "_NObs_" : "3",
      "_PartInd_" : "1",
      "_TargetName_" : "Result",
      "_Value_" : "1.41022939252",
      "_formattedPartition_" : "           1"
    },
    "rowNumber" : 37
  }, {
    "dataMap" : {
      "_Column_" : "P_Result",
      "_DataRole_" : "TRAIN",
      "_Depth_" : "25",
      "_MaxP_" : "1.41022939252",
      "_MaxT_" : "1.41022939252",
      "_MeanP_" : "1.39998682517",
      "_MeanT_" : "1.39998682517",
      "_MinP_" : "1.39022651099",
      "_MinT_" : "1.39022651099",
      "_NObs_" : "3",
      "_PartInd_" : "1",
      "_TargetName_" : "Result",
      "_Value_" : "1.38989948003",
      "_formattedPartition_" : "           1"
    },
    "rowNumber" : 38
  }, {
    "dataMap" : {
      "_Column_" : "P_Result",
      "_DataRole_" : "TRAIN",
      "_Depth_" : "30",
      "_MaxP_" : "1.38989948003",
      "_MaxT_" : "1.38989948003",
      "_MeanP_" : "1.34605457347",
      "_MeanT_" : "1.34605457347",
      "_MinP_" : "1.31253284219",
      "_MinT_" : "1.31253284219",
      "_NObs_" : "3",
      "_PartInd_" : "1",
      "_TargetName_" : "Result",
      "_Value_" : "1.28938898573",
      "_formattedPartition_" : "           1"
    },
    "rowNumber" : 39
  }, {
    "dataMap" : {
      "_Column_" : "P_Result",
      "_DataRole_" : "TRAIN",
      "_Depth_" : "35",
      "_MaxP_" : "1.28938898573",
      "_MaxT_" : "1.28938898573",
      "_MeanP_" : "1.26184148701",
      "_MeanT_" : "1.26184148701",
      "_MinP_" : "1.21304561367",
      "_MinT_" : "1.21304561367",
      "_NObs_" : "3",
      "_PartInd_" : "1",
      "_TargetName_" : "Result",
      "_Value_" : "1.19984574797",
      "_formattedPartition_" : "           1"
    },
    "rowNumber" : 40
  }, {
    "dataMap" : {
      "_Column_" : "P_Result",
      "_DataRole_" : "TRAIN",
      "_Depth_" : "40",
      "_MaxP_" : "1.19984574797",
      "_MaxT_" : "1.19984574797",
      "_MeanP_" : "1.1827997684",
      "_MeanT_" : "1.1827997684",
      "_MinP_" : "1.17127494622",
      "_MinT_" : "1.17127494622",
      "_NObs_" : "3",
      "_PartInd_" : "1",
      "_TargetName_" : "Result",
      "_Value_" : "1.1707092835",
      "_formattedPartition_" : "           1"
    },
    "rowNumber" : 41
  }, {
    "dataMap" : {
      "_Column_" : "P_Result",
      "_DataRole_" : "TRAIN",
      "_Depth_" : "45",
      "_MaxP_" : "1.1707092835",
      "_MaxT_" : "1.1707092835",
      "_MeanP_" : "1.13246299323",
      "_MeanT_" : "1.13246299323",
      "_MinP_" : "1.06876000908",
      "_MinT_" : "1.06876000908",
      "_NObs_" : "3",
      "_PartInd_" : "1",
      "_TargetName_" : "Result",
      "_Value_" : "1.05033951849",
      "_formattedPartition_" : "           1"
    },
    "rowNumber" : 42
  }, {
    "dataMap" : {
      "_Column_" : "P_Result",
      "_DataRole_" : "TRAIN",
      "_Depth_" : "50",
      "_MaxP_" : "1.05033951849",
      "_MaxT_" : "1.05033951849",
      "_MeanP_" : "1.01438892479",
      "_MeanT_" : "1.01438892479",
      "_MinP_" : "0.992827255889",
      "_MinT_" : "0.992827255889",
      "_NObs_" : "3",
      "_PartInd_" : "1",
      "_TargetName_" : "Result",
      "_Value_" : "0.98102164077",
      "_formattedPartition_" : "           1"
    },
    "rowNumber" : 43
  }, {
    "dataMap" : {
      "_Column_" : "P_Result",
      "_DataRole_" : "TRAIN",
      "_Depth_" : "55",
      "_MaxP_" : "0.98102164077",
      "_MaxT_" : "0.98102164077",
      "_MeanP_" : "0.978479400701",
      "_MeanT_" : "0.978479400701",
      "_MinP_" : "0.975160384668",
      "_MinT_" : "0.975160384668",
      "_NObs_" : "3",
      "_PartInd_" : "1",
      "_TargetName_" : "Result",
      "_Value_" : "0.970987696742",
      "_formattedPartition_" : "           1"
    },
    "rowNumber" : 44
  }, {
    "dataMap" : {
      "_Column_" : "P_Result",
      "_DataRole_" : "TRAIN",
      "_Depth_" : "60",
      "_MaxP_" : "0.970987696742",
      "_MaxT_" : "0.970987696742",
      "_MeanP_" : "0.965532864314",
      "_MeanT_" : "0.965532864314",
      "_MinP_" : "0.957668245336",
      "_MinT_" : "0.957668245336",
      "_NObs_" : "3",
      "_PartInd_" : "1",
      "_TargetName_" : "Result",
      "_Value_" : "0.93376832034",
      "_formattedPartition_" : "           1"
    },
    "rowNumber" : 45
  }, {
    "dataMap" : {
      "_Column_" : "P_Result",
      "_DataRole_" : "TRAIN",
      "_Depth_" : "65",
      "_MaxP_" : "0.93376832034",
      "_MaxT_" : "0.93376832034",
      "_MeanP_" : "0.898273457307",
      "_MeanT_" : "0.898273457307",
      "_MinP_" : "0.860754144685",
      "_MinT_" : "0.860754144685",
      "_NObs_" : "3",
      "_PartInd_" : "1",
      "_TargetName_" : "Result",
      "_Value_" : "0.851254651924",
      "_formattedPartition_" : "           1"
    },
    "rowNumber" : 46
  }, {
    "dataMap" : {
      "_Column_" : "P_Result",
      "_DataRole_" : "TRAIN",
      "_Depth_" : "70",
      "_MaxP_" : "0.851254651924",
      "_MaxT_" : "0.851254651924",
      "_MeanP_" : "0.833238376024",
      "_MeanT_" : "0.833238376024",
      "_MinP_" : "0.821776267344",
      "_MinT_" : "0.821776267344",
      "_NObs_" : "3",
      "_PartInd_" : "1",
      "_TargetName_" : "Result",
      "_Value_" : "0.806075622912",
      "_formattedPartition_" : "           1"
    },
    "rowNumber" : 47
  }, {
    "dataMap" : {
      "_Column_" : "P_Result",
      "_DataRole_" : "TRAIN",
      "_Depth_" : "75",
      "_MaxP_" : "0.806075622912",
      "_MaxT_" : "0.806075622912",
      "_MeanP_" : "0.79339729434",
      "_MeanT_" : "0.79339729434",
      "_MinP_" : "0.784360052912",
      "_MinT_" : "0.784360052912",
      "_NObs_" : "3",
      "_PartInd_" : "1",
      "_TargetName_" : "Result",
      "_Value_" : "0.725421119299",
      "_formattedPartition_" : "           1"
    },
    "rowNumber" : 48
  }, {
    "dataMap" : {
      "_Column_" : "P_Result",
      "_DataRole_" : "TRAIN",
      "_Depth_" : "80",
      "_MaxP_" : "0.725421119299",
      "_MaxT_" : "0.725421119299",
      "_MeanP_" : "0.683943217368",
      "_MeanT_" : "0.683943217368",
      "_MinP_" : "0.656701348897",
      "_MinT_" : "0.656701348897",
      "_NObs_" : "3",
      "_PartInd_" : "1",
      "_TargetName_" : "Result",
      "_Value_" : "0.628033175036",
      "_formattedPartition_" : "           1"
    },
    "rowNumber" : 49
  }, {
    "dataMap" : {
      "_Column_" : "P_Result",
      "_DataRole_" : "TRAIN",
      "_Depth_" : "85",
      "_MaxP_" : "0.628033175036",
      "_MaxT_" : "0.628033175036",
      "_MeanP_" : "0.592994544706",
      "_MeanT_" : "0.592994544706",
      "_MinP_" : "0.52867378943",
      "_MinT_" : "0.52867378943",
      "_NObs_" : "3",
      "_PartInd_" : "1",
      "_TargetName_" : "Result",
      "_Value_" : "0.512902261104",
      "_formattedPartition_" : "           1"
    },
    "rowNumber" : 50
  }, {
    "dataMap" : {
      "_Column_" : "P_Result",
      "_DataRole_" : "TRAIN",
      "_Depth_" : "90",
      "_MaxP_" : "0.512902261104",
      "_MaxT_" : "0.512902261104",
      "_MeanP_" : "0.467571078099",
      "_MeanT_" : "0.467571078099",
      "_MinP_" : "0.393684578263",
      "_MinT_" : "0.393684578263",
      "_NObs_" : "3",
      "_PartInd_" : "1",
      "_TargetName_" : "Result",
      "_Value_" : "0.360504571568",
      "_formattedPartition_" : "           1"
    },
    "rowNumber" : 51
  }, {
    "dataMap" : {
      "_Column_" : "P_Result",
      "_DataRole_" : "TRAIN",
      "_Depth_" : "95",
      "_MaxP_" : "0.360504571568",
      "_MaxT_" : "0.360504571568",
      "_MeanP_" : "0.330345973449",
      "_MeanT_" : "0.330345973449",
      "_MinP_" : "0.28321081835",
      "_MinT_" : "0.28321081835",
      "_NObs_" : "3",
      "_PartInd_" : "1",
      "_TargetName_" : "Result",
      "_Value_" : "0",
      "_formattedPartition_" : "           1"
    },
    "rowNumber" : 52
  }, {
    "dataMap" : {
      "_Column_" : "P_Result",
      "_DataRole_" : "TRAIN",
      "_Depth_" : "100",
      "_MaxP_" : "0",
      "_MaxT_" : "0",
      "_MeanP_" : "0",
      "_MeanT_" : "0",
      "_MinP_" : "0",
      "_MinT_" : "0",
      "_NObs_" : "3",
      "_PartInd_" : "1",
      "_TargetName_" : "Result",
      "_Value_" : "0",
      "_formattedPartition_" : "           1"
    },
    "rowNumber" : 53
  } ],
  "xInteger" : false,
  "yInteger" : false
}