{
  "custom properties": [],
  "externalUrl": "",
  "predictionVariable": "",
  "modelVersionName": "1.1",
  "trainTable": "/dataTables/dataSources/cas~fs~cas-shared-default~fs~CASUSER(Joe.Furbee@sas.com)/tables/CALCULATORBASIC_2_1",
  "trainCodeType": "",
  "description": "",
  "tool": "Model Studio",
  "toolVersion": "V2020.1.4",
  "targetVariable": "Result",
  "scoreCodeType": "dataStep",
  "externalModelId": "b7a5e550-2afa-4613-a6f6-9230d4491e51",
  "createdBy": "Joe.Furbee@sas.com",
  "function": "prediction",
  "eventProbVar": "",
  "modeler": "Joe.Furbee@sas.com",
  "name": "Linear Regression (Pipeline 1)",
  "modifiedTimeStamp": "2021-11-05T20:01:37 UTC",
  "modifiedBy": "Joe.Furbee@sas.com",
  "id": "a7cd0f4b-18e3-4925-8b8d-30fe0b68ade7",
  "creationTimeStamp": "2021-11-05T17:52:28 UTC",
  "targetEvent": "",
  "targetLevel": "",
  "algorithm": "linearreg"
}
